Year,Month,District,Accident,Deaths,Injured
2011,1,Jongno,115,2,165
2011,2,Jongno,99,0,134
2011,3,Jongno,116,0,162
2011,4,Jongno,110,1,153
2011,5,Jongno,122,0,157
2011,6,Jongno,116,3,163
2011,7,Jongno,103,1,154
2011,8,Jongno,122,1,171
2011,9,Jongno,121,2,166
2011,10,Jongno,135,2,193
2011,11,Jongno,140,1,204
2011,12,Jongno,122,1,172
2011,1,Jung,108,0,159
2011,2,Jung,86,0,112
2011,3,Jung,141,0,183
2011,4,Jung,128,3,175
2011,5,Jung,121,1,165
2011,6,Jung,115,1,156
2011,7,Jung,119,1,154
2011,8,Jung,117,1,154
2011,9,Jung,140,1,181
2011,10,Jung,147,2,203
2011,11,Jung,132,3,172
2011,12,Jung,143,0,211
2011,1,Yongsan,98,0,141
2011,2,Yongsan,92,1,134
2011,3,Yongsan,88,2,132
2011,4,Yongsan,103,1,149
2011,5,Yongsan,104,1,151
2011,6,Yongsan,98,0,143
2011,7,Yongsan,102,0,151
2011,8,Yongsan,104,1,146
2011,9,Yongsan,75,1,107
2011,10,Yongsan,109,1,157
2011,11,Yongsan,107,1,156
2011,12,Yongsan,90,0,137
2011,1,Seongdong,90,2,130
2011,2,Seongdong,80,2,119
2011,3,Seongdong,80,1,121
2011,4,Seongdong,109,1,139
2011,5,Seongdong,98,0,135
2011,6,Seongdong,99,2,131
2011,7,Seongdong,106,1,144
2011,8,Seongdong,77,1,96
2011,9,Seongdong,109,3,160
2011,10,Seongdong,102,4,132
2011,11,Seongdong,104,1,157
2011,12,Seongdong,100,3,139
2011,1,Gwangjin,90,3,140
2011,2,Gwangjin,94,1,128
2011,3,Gwangjin,113,1,159
2011,4,Gwangjin,122,1,164
2011,5,Gwangjin,115,5,151
2011,6,Gwangjin,103,2,150
2011,7,Gwangjin,114,2,184
2011,8,Gwangjin,130,1,188
2011,9,Gwangjin,136,2,183
2011,10,Gwangjin,129,1,186
2011,11,Gwangjin,146,1,202
2011,12,Gwangjin,138,3,198
2011,1,Dongdaemun,129,0,180
2011,2,Dongdaemun,119,2,178
2011,3,Dongdaemun,120,1,161
2011,4,Dongdaemun,142,3,191
2011,5,Dongdaemun,158,1,257
2011,6,Dongdaemun,152,0,186
2011,7,Dongdaemun,172,1,214
2011,8,Dongdaemun,145,3,204
2011,9,Dongdaemun,157,0,213
2011,10,Dongdaemun,155,0,208
2011,11,Dongdaemun,163,2,221
2011,12,Dongdaemun,165,0,218
2011,1,Jungnang,134,0,165
2011,2,Jungnang,113,1,146
2011,3,Jungnang,137,0,195
2011,4,Jungnang,149,1,191
2011,5,Jungnang,167,2,223
2011,6,Jungnang,134,1,181
2011,7,Jungnang,159,4,213
2011,8,Jungnang,148,2,192
2011,9,Jungnang,174,0,239
2011,10,Jungnang,161,0,237
2011,11,Jungnang,167,0,224
2011,12,Jungnang,139,1,180
2011,1,Seongbuk,115,0,153
2011,2,Seongbuk,89,1,121
2011,3,Seongbuk,113,1,161
2011,4,Seongbuk,124,1,172
2011,5,Seongbuk,158,4,197
2011,6,Seongbuk,157,2,219
2011,7,Seongbuk,135,2,191
2011,8,Seongbuk,132,1,188
2011,9,Seongbuk,129,4,169
2011,10,Seongbuk,152,0,194
2011,11,Seongbuk,152,3,201
2011,12,Seongbuk,113,3,137
2011,1,Gangbuk,84,0,123
2011,2,Gangbuk,69,0,117
2011,3,Gangbuk,96,0,144
2011,4,Gangbuk,96,1,145
2011,5,Gangbuk,106,1,136
2011,6,Gangbuk,110,0,162
2011,7,Gangbuk,97,0,139
2011,8,Gangbuk,108,1,143
2011,9,Gangbuk,110,1,155
2011,10,Gangbuk,109,1,141
2011,11,Gangbuk,108,2,143
2011,12,Gangbuk,81,0,100
2011,1,Dobong,74,0,119
2011,2,Dobong,50,1,63
2011,3,Dobong,71,2,105
2011,4,Dobong,76,0,102
2011,5,Dobong,74,3,92
2011,6,Dobong,78,2,97
2011,7,Dobong,95,0,149
2011,8,Dobong,81,3,105
2011,9,Dobong,81,1,102
2011,10,Dobong,87,0,107
2011,11,Dobong,86,1,113
2011,12,Dobong,80,2,125
2011,1,Nowon,133,2,189
2011,2,Nowon,90,1,139
2011,3,Nowon,110,0,180
2011,4,Nowon,150,1,212
2011,5,Nowon,148,1,193
2011,6,Nowon,127,1,207
2011,7,Nowon,139,0,197
2011,8,Nowon,120,3,192
2011,9,Nowon,112,0,168
2011,10,Nowon,139,2,203
2011,11,Nowon,131,1,186
2011,12,Nowon,130,2,165
2011,1,Eunpyeong,117,2,163
2011,2,Eunpyeong,108,2,163
2011,3,Eunpyeong,117,0,156
2011,4,Eunpyeong,118,2,166
2011,5,Eunpyeong,136,2,180
2011,6,Eunpyeong,127,1,184
2011,7,Eunpyeong,102,2,129
2011,8,Eunpyeong,123,3,169
2011,9,Eunpyeong,132,0,194
2011,10,Eunpyeong,140,2,190
2011,11,Eunpyeong,158,3,191
2011,12,Eunpyeong,131,1,173
2011,1,Seodaemun,103,3,174
2011,2,Seodaemun,67,2,86
2011,3,Seodaemun,85,0,119
2011,4,Seodaemun,79,2,118
2011,5,Seodaemun,90,0,127
2011,6,Seodaemun,79,0,110
2011,7,Seodaemun,99,1,139
2011,8,Seodaemun,77,0,106
2011,9,Seodaemun,88,1,114
2011,10,Seodaemun,98,0,137
2011,11,Seodaemun,86,3,119
2011,12,Seodaemun,110,2,147
2011,1,Mapo,135,4,235
2011,2,Mapo,112,1,164
2011,3,Mapo,131,2,222
2011,4,Mapo,158,1,255
2011,5,Mapo,145,4,205
2011,6,Mapo,136,1,194
2011,7,Mapo,158,3,302
2011,8,Mapo,122,2,179
2011,9,Mapo,140,2,219
2011,10,Mapo,137,0,203
2011,11,Mapo,128,2,189
2011,12,Mapo,121,1,163
2011,1,Yangcheon,122,2,190
2011,2,Yangcheon,83,2,125
2011,3,Yangcheon,117,0,160
2011,4,Yangcheon,143,3,187
2011,5,Yangcheon,129,0,189
2011,6,Yangcheon,122,1,167
2011,7,Yangcheon,127,1,173
2011,8,Yangcheon,114,1,155
2011,9,Yangcheon,111,1,154
2011,10,Yangcheon,134,2,179
2011,11,Yangcheon,136,0,173
2011,12,Yangcheon,106,1,154
2011,1,Gangseo,133,1,177
2011,2,Gangseo,130,0,181
2011,3,Gangseo,144,1,205
2011,4,Gangseo,165,3,244
2011,5,Gangseo,173,1,232
2011,6,Gangseo,156,0,233
2011,7,Gangseo,162,1,239
2011,8,Gangseo,168,1,242
2011,9,Gangseo,178,3,285
2011,10,Gangseo,166,1,250
2011,11,Gangseo,161,2,238
2011,12,Gangseo,149,2,214
2011,1,Guro,124,2,188
2011,2,Guro,112,2,166
2011,3,Guro,122,0,164
2011,4,Guro,126,0,199
2011,5,Guro,125,2,174
2011,6,Guro,133,2,176
2011,7,Guro,115,1,160
2011,8,Guro,130,2,180
2011,9,Guro,116,2,173
2011,10,Guro,142,0,194
2011,11,Guro,154,1,224
2011,12,Guro,143,1,228
2011,1,Geumcheon,83,2,103
2011,2,Geumcheon,79,1,129
2011,3,Geumcheon,95,0,176
2011,4,Geumcheon,95,2,143
2011,5,Geumcheon,105,1,144
2011,6,Geumcheon,86,1,124
2011,7,Geumcheon,101,0,155
2011,8,Geumcheon,78,1,111
2011,9,Geumcheon,101,0,131
2011,10,Geumcheon,97,0,133
2011,11,Geumcheon,107,0,148
2011,12,Geumcheon,98,2,152
2011,1,Yeongdeungpo,181,1,268
2011,2,Yeongdeungpo,141,4,224
2011,3,Yeongdeungpo,176,2,238
2011,4,Yeongdeungpo,217,3,318
2011,5,Yeongdeungpo,233,1,324
2011,6,Yeongdeungpo,192,2,281
2011,7,Yeongdeungpo,200,2,269
2011,8,Yeongdeungpo,180,4,272
2011,9,Yeongdeungpo,182,2,263
2011,10,Yeongdeungpo,212,1,301
2011,11,Yeongdeungpo,194,2,291
2011,12,Yeongdeungpo,202,4,277
2011,1,Dongjak,88,1,132
2011,2,Dongjak,82,0,127
2011,3,Dongjak,106,0,149
2011,4,Dongjak,113,1,152
2011,5,Dongjak,121,0,169
2011,6,Dongjak,93,2,127
2011,7,Dongjak,100,0,134
2011,8,Dongjak,97,2,139
2011,9,Dongjak,96,2,140
2011,10,Dongjak,107,1,140
2011,11,Dongjak,100,1,137
2011,12,Dongjak,89,3,130
2011,1,Gwanak,119,1,182
2011,2,Gwanak,114,1,158
2011,3,Gwanak,142,1,192
2011,4,Gwanak,142,5,207
2011,5,Gwanak,165,0,226
2011,6,Gwanak,170,2,222
2011,7,Gwanak,151,1,197
2011,8,Gwanak,152,4,221
2011,9,Gwanak,154,1,206
2011,10,Gwanak,152,0,212
2011,11,Gwanak,138,0,182
2011,12,Gwanak,138,1,191
2011,1,Seocho,153,1,216
2011,2,Seocho,126,2,182
2011,3,Seocho,142,0,202
2011,4,Seocho,167,3,246
2011,5,Seocho,195,0,330
2011,6,Seocho,185,0,288
2011,7,Seocho,173,2,286
2011,8,Seocho,202,2,352
2011,9,Seocho,157,2,270
2011,10,Seocho,178,0,272
2011,11,Seocho,190,2,272
2011,12,Seocho,180,3,273
2011,1,Gangnam,229,4,331
2011,2,Gangnam,204,2,297
2011,3,Gangnam,260,1,374
2011,4,Gangnam,292,2,436
2011,5,Gangnam,281,4,398
2011,6,Gangnam,289,6,431
2011,7,Gangnam,350,2,494
2011,8,Gangnam,294,4,449
2011,9,Gangnam,299,1,417
2011,10,Gangnam,353,3,544
2011,11,Gangnam,333,5,461
2011,12,Gangnam,378,2,552
2011,1,Songpa,167,2,252
2011,2,Songpa,154,3,226
2011,3,Songpa,198,3,306
2011,4,Songpa,213,2,284
2011,5,Songpa,206,2,281
2011,6,Songpa,224,3,325
2011,7,Songpa,224,6,324
2011,8,Songpa,219,3,301
2011,9,Songpa,198,4,270
2011,10,Songpa,244,1,314
2011,11,Songpa,254,3,360
2011,12,Songpa,253,4,389
2011,1,Gangdong,114,1,154
2011,2,Gangdong,80,0,115
2011,3,Gangdong,106,2,147
2011,4,Gangdong,113,1,157
2011,5,Gangdong,128,0,200
2011,6,Gangdong,109,2,174
2011,7,Gangdong,126,2,176
2011,8,Gangdong,120,3,168
2011,9,Gangdong,137,1,214
2011,10,Gangdong,149,1,214
2011,11,Gangdong,126,0,186
2011,12,Gangdong,115,0,175
2012,1,Jongno,110,1,154
2012,2,Jongno,118,1,177
2012,3,Jongno,126,1,186
2012,4,Jongno,121,2,189
2012,5,Jongno,121,0,179
2012,6,Jongno,109,0,152
2012,7,Jongno,112,2,153
2012,8,Jongno,106,1,181
2012,9,Jongno,122,1,168
2012,10,Jongno,114,1,155
2012,11,Jongno,123,1,167
2012,12,Jongno,92,1,133
2012,1,Jung,83,3,140
2012,2,Jung,127,1,175
2012,3,Jung,126,0,175
2012,4,Jung,118,1,149
2012,5,Jung,116,0,157
2012,6,Jung,122,2,163
2012,7,Jung,144,1,194
2012,8,Jung,129,0,183
2012,9,Jung,132,2,189
2012,10,Jung,121,0,149
2012,11,Jung,123,2,180
2012,12,Jung,117,0,164
2012,1,Yongsan,77,2,144
2012,2,Yongsan,84,1,138
2012,3,Yongsan,103,0,147
2012,4,Yongsan,117,1,161
2012,5,Yongsan,103,0,128
2012,6,Yongsan,107,1,148
2012,7,Yongsan,125,1,178
2012,8,Yongsan,101,2,148
2012,9,Yongsan,105,2,185
2012,10,Yongsan,88,0,127
2012,11,Yongsan,99,0,150
2012,12,Yongsan,94,1,155
2012,1,Seongdong,65,0,95
2012,2,Seongdong,76,1,105
2012,3,Seongdong,86,1,114
2012,4,Seongdong,89,0,128
2012,5,Seongdong,89,2,119
2012,6,Seongdong,93,2,141
2012,7,Seongdong,74,0,95
2012,8,Seongdong,76,0,108
2012,9,Seongdong,88,0,134
2012,10,Seongdong,90,0,138
2012,11,Seongdong,72,0,95
2012,12,Seongdong,88,0,128
2012,1,Gwangjin,135,1,213
2012,2,Gwangjin,142,3,224
2012,3,Gwangjin,99,0,156
2012,4,Gwangjin,126,1,171
2012,5,Gwangjin,138,1,223
2012,6,Gwangjin,149,1,218
2012,7,Gwangjin,118,2,163
2012,8,Gwangjin,116,2,157
2012,9,Gwangjin,104,3,144
2012,10,Gwangjin,128,2,169
2012,11,Gwangjin,115,1,157
2012,12,Gwangjin,124,0,195
2012,1,Dongdaemun,155,1,203
2012,2,Dongdaemun,164,3,218
2012,3,Dongdaemun,137,1,179
2012,4,Dongdaemun,132,1,181
2012,5,Dongdaemun,144,0,186
2012,6,Dongdaemun,159,1,206
2012,7,Dongdaemun,181,4,229
2012,8,Dongdaemun,171,2,224
2012,9,Dongdaemun,157,2,229
2012,10,Dongdaemun,158,1,209
2012,11,Dongdaemun,176,3,241
2012,12,Dongdaemun,147,1,206
2012,1,Jungnang,120,1,168
2012,2,Jungnang,110,2,138
2012,3,Jungnang,168,4,237
2012,4,Jungnang,133,1,173
2012,5,Jungnang,178,2,225
2012,6,Jungnang,148,0,176
2012,7,Jungnang,165,0,233
2012,8,Jungnang,154,0,217
2012,9,Jungnang,124,0,169
2012,10,Jungnang,164,0,242
2012,11,Jungnang,156,0,224
2012,12,Jungnang,133,1,199
2012,1,Seongbuk,112,0,141
2012,2,Seongbuk,97,3,120
2012,3,Seongbuk,123,0,158
2012,4,Seongbuk,116,0,164
2012,5,Seongbuk,158,0,197
2012,6,Seongbuk,143,0,185
2012,7,Seongbuk,161,2,218
2012,8,Seongbuk,136,0,187
2012,9,Seongbuk,139,1,182
2012,10,Seongbuk,124,3,156
2012,11,Seongbuk,133,2,176
2012,12,Seongbuk,130,0,171
2012,1,Gangbuk,80,1,126
2012,2,Gangbuk,98,1,129
2012,3,Gangbuk,98,1,113
2012,4,Gangbuk,108,0,159
2012,5,Gangbuk,109,1,149
2012,6,Gangbuk,105,1,140
2012,7,Gangbuk,112,0,159
2012,8,Gangbuk,112,1,164
2012,9,Gangbuk,99,1,134
2012,10,Gangbuk,110,0,161
2012,11,Gangbuk,88,1,121
2012,12,Gangbuk,93,1,125
2012,1,Dobong,59,1,74
2012,2,Dobong,60,2,73
2012,3,Dobong,91,1,126
2012,4,Dobong,86,1,113
2012,5,Dobong,80,0,110
2012,6,Dobong,111,1,146
2012,7,Dobong,84,0,109
2012,8,Dobong,70,3,88
2012,9,Dobong,88,4,117
2012,10,Dobong,83,1,109
2012,11,Dobong,96,1,117
2012,12,Dobong,75,1,112
2012,1,Nowon,132,0,199
2012,2,Nowon,116,2,187
2012,3,Nowon,129,1,172
2012,4,Nowon,149,0,208
2012,5,Nowon,151,0,213
2012,6,Nowon,135,1,198
2012,7,Nowon,132,1,179
2012,8,Nowon,127,4,202
2012,9,Nowon,154,0,222
2012,10,Nowon,156,1,215
2012,11,Nowon,133,2,186
2012,12,Nowon,109,1,149
2012,1,Eunpyeong,99,2,128
2012,2,Eunpyeong,119,2,166
2012,3,Eunpyeong,136,2,218
2012,4,Eunpyeong,126,3,170
2012,5,Eunpyeong,143,1,190
2012,6,Eunpyeong,138,1,187
2012,7,Eunpyeong,131,2,204
2012,8,Eunpyeong,123,0,164
2012,9,Eunpyeong,121,2,184
2012,10,Eunpyeong,133,2,216
2012,11,Eunpyeong,136,3,189
2012,12,Eunpyeong,114,1,181
2012,1,Seodaemun,64,1,95
2012,2,Seodaemun,102,0,170
2012,3,Seodaemun,84,1,127
2012,4,Seodaemun,90,0,156
2012,5,Seodaemun,96,3,139
2012,6,Seodaemun,84,3,111
2012,7,Seodaemun,84,0,141
2012,8,Seodaemun,57,1,84
2012,9,Seodaemun,93,1,151
2012,10,Seodaemun,80,0,136
2012,11,Seodaemun,107,2,176
2012,12,Seodaemun,100,1,159
2012,1,Mapo,111,2,185
2012,2,Mapo,103,1,165
2012,3,Mapo,125,1,170
2012,4,Mapo,131,0,193
2012,5,Mapo,124,0,176
2012,6,Mapo,134,3,233
2012,7,Mapo,131,1,187
2012,8,Mapo,137,2,207
2012,9,Mapo,140,10,185
2012,10,Mapo,136,1,188
2012,11,Mapo,145,0,236
2012,12,Mapo,144,2,238
2012,1,Yangcheon,90,2,132
2012,2,Yangcheon,88,1,120
2012,3,Yangcheon,105,2,141
2012,4,Yangcheon,139,4,231
2012,5,Yangcheon,131,0,171
2012,6,Yangcheon,133,1,187
2012,7,Yangcheon,130,0,190
2012,8,Yangcheon,126,0,192
2012,9,Yangcheon,119,0,174
2012,10,Yangcheon,115,0,159
2012,11,Yangcheon,132,0,177
2012,12,Yangcheon,110,4,162
2012,1,Gangseo,151,3,206
2012,2,Gangseo,126,1,196
2012,3,Gangseo,133,1,216
2012,4,Gangseo,151,2,206
2012,5,Gangseo,173,2,266
2012,6,Gangseo,159,3,212
2012,7,Gangseo,150,4,205
2012,8,Gangseo,139,1,193
2012,9,Gangseo,162,1,232
2012,10,Gangseo,158,4,219
2012,11,Gangseo,141,1,227
2012,12,Gangseo,124,2,195
2012,1,Guro,134,1,208
2012,2,Guro,121,1,180
2012,3,Guro,147,3,211
2012,4,Guro,146,2,211
2012,5,Guro,137,1,189
2012,6,Guro,127,4,181
2012,7,Guro,122,0,177
2012,8,Guro,128,0,185
2012,9,Guro,145,1,229
2012,10,Guro,121,2,199
2012,11,Guro,139,5,222
2012,12,Guro,115,1,174
2012,1,Geumcheon,82,0,113
2012,2,Geumcheon,89,1,146
2012,3,Geumcheon,90,2,117
2012,4,Geumcheon,96,4,151
2012,5,Geumcheon,86,2,106
2012,6,Geumcheon,95,2,140
2012,7,Geumcheon,110,4,184
2012,8,Geumcheon,84,0,131
2012,9,Geumcheon,75,1,111
2012,10,Geumcheon,71,1,109
2012,11,Geumcheon,71,1,126
2012,12,Geumcheon,68,3,106
2012,1,Yeongdeungpo,159,2,240
2012,2,Yeongdeungpo,159,5,230
2012,3,Yeongdeungpo,182,3,232
2012,4,Yeongdeungpo,163,4,243
2012,5,Yeongdeungpo,184,4,268
2012,6,Yeongdeungpo,189,3,286
2012,7,Yeongdeungpo,189,2,268
2012,8,Yeongdeungpo,188,3,264
2012,9,Yeongdeungpo,180,2,261
2012,10,Yeongdeungpo,200,1,297
2012,11,Yeongdeungpo,202,1,312
2012,12,Yeongdeungpo,184,2,305
2012,1,Dongjak,101,2,143
2012,2,Dongjak,97,2,129
2012,3,Dongjak,80,0,102
2012,4,Dongjak,106,0,143
2012,5,Dongjak,90,1,120
2012,6,Dongjak,113,0,159
2012,7,Dongjak,93,0,125
2012,8,Dongjak,106,3,137
2012,9,Dongjak,111,0,167
2012,10,Dongjak,133,4,166
2012,11,Dongjak,117,2,150
2012,12,Dongjak,111,0,166
2012,1,Gwanak,109,3,159
2012,2,Gwanak,117,2,162
2012,3,Gwanak,145,1,201
2012,4,Gwanak,159,1,210
2012,5,Gwanak,158,1,200
2012,6,Gwanak,133,1,173
2012,7,Gwanak,150,2,206
2012,8,Gwanak,173,1,221
2012,9,Gwanak,156,3,205
2012,10,Gwanak,124,1,161
2012,11,Gwanak,159,1,213
2012,12,Gwanak,130,3,188
2012,1,Seocho,164,1,269
2012,2,Seocho,169,0,274
2012,3,Seocho,140,4,220
2012,4,Seocho,171,3,261
2012,5,Seocho,176,1,247
2012,6,Seocho,174,2,273
2012,7,Seocho,165,3,248
2012,8,Seocho,193,2,281
2012,9,Seocho,192,4,308
2012,10,Seocho,164,1,237
2012,11,Seocho,215,3,318
2012,12,Seocho,167,1,278
2012,1,Gangnam,303,3,463
2012,2,Gangnam,279,1,452
2012,3,Gangnam,341,3,515
2012,4,Gangnam,305,1,461
2012,5,Gangnam,333,1,485
2012,6,Gangnam,323,3,457
2012,7,Gangnam,363,4,481
2012,8,Gangnam,300,3,442
2012,9,Gangnam,311,2,448
2012,10,Gangnam,303,0,432
2012,11,Gangnam,348,2,483
2012,12,Gangnam,334,2,547
2012,1,Songpa,201,1,293
2012,2,Songpa,195,1,283
2012,3,Songpa,248,1,349
2012,4,Songpa,251,1,354
2012,5,Songpa,274,1,381
2012,6,Songpa,238,4,342
2012,7,Songpa,235,0,328
2012,8,Songpa,226,1,345
2012,9,Songpa,230,2,313
2012,10,Songpa,254,1,369
2012,11,Songpa,257,1,357
2012,12,Songpa,235,0,346
2012,1,Gangdong,94,1,124
2012,2,Gangdong,113,2,159
2012,3,Gangdong,114,0,157
2012,4,Gangdong,122,1,174
2012,5,Gangdong,113,2,165
2012,6,Gangdong,134,2,170
2012,7,Gangdong,120,3,170
2012,8,Gangdong,127,3,193
2012,9,Gangdong,133,1,186
2012,10,Gangdong,128,1,156
2012,11,Gangdong,138,1,204
2012,12,Gangdong,122,1,171
2013,1,Jongno,109,3,154
2013,2,Jongno,90,1,130
2013,3,Jongno,122,1,173
2013,4,Jongno,118,0,169
2013,5,Jongno,102,1,153
2013,6,Jongno,127,0,175
2013,7,Jongno,96,1,144
2013,8,Jongno,81,1,107
2013,9,Jongno,90,2,113
2013,10,Jongno,108,2,141
2013,11,Jongno,125,0,168
2013,12,Jongno,106,1,143
2013,1,Jung,103,0,154
2013,2,Jung,97,0,132
2013,3,Jung,138,0,188
2013,4,Jung,121,0,170
2013,5,Jung,136,0,187
2013,6,Jung,120,3,179
2013,7,Jung,137,0,184
2013,8,Jung,119,0,174
2013,9,Jung,109,1,153
2013,10,Jung,139,1,168
2013,11,Jung,122,2,157
2013,12,Jung,101,3,129
2013,1,Yongsan,100,0,160
2013,2,Yongsan,98,0,126
2013,3,Yongsan,136,2,190
2013,4,Yongsan,104,3,169
2013,5,Yongsan,129,1,180
2013,6,Yongsan,118,1,170
2013,7,Yongsan,119,3,173
2013,8,Yongsan,121,1,166
2013,9,Yongsan,114,0,163
2013,10,Yongsan,115,1,181
2013,11,Yongsan,124,0,185
2013,12,Yongsan,113,1,160
2013,1,Seongdong,70,0,89
2013,2,Seongdong,64,1,88
2013,3,Seongdong,104,2,129
2013,4,Seongdong,96,0,142
2013,5,Seongdong,107,0,156
2013,6,Seongdong,96,0,140
2013,7,Seongdong,80,1,99
2013,8,Seongdong,91,0,109
2013,9,Seongdong,93,2,124
2013,10,Seongdong,114,2,138
2013,11,Seongdong,111,0,129
2013,12,Seongdong,74,0,115
2013,1,Gwangjin,88,0,186
2013,2,Gwangjin,71,1,107
2013,3,Gwangjin,100,1,155
2013,4,Gwangjin,106,1,150
2013,5,Gwangjin,144,0,180
2013,6,Gwangjin,124,0,166
2013,7,Gwangjin,103,0,157
2013,8,Gwangjin,122,0,164
2013,9,Gwangjin,116,0,171
2013,10,Gwangjin,121,1,157
2013,11,Gwangjin,97,3,151
2013,12,Gwangjin,111,3,172
2013,1,Dongdaemun,130,2,150
2013,2,Dongdaemun,111,1,141
2013,3,Dongdaemun,159,0,203
2013,4,Dongdaemun,190,0,262
2013,5,Dongdaemun,189,1,253
2013,6,Dongdaemun,170,3,223
2013,7,Dongdaemun,152,3,205
2013,8,Dongdaemun,166,2,202
2013,9,Dongdaemun,183,1,229
2013,10,Dongdaemun,189,2,231
2013,11,Dongdaemun,177,1,229
2013,12,Dongdaemun,154,0,196
2013,1,Jungnang,119,0,176
2013,2,Jungnang,130,0,177
2013,3,Jungnang,138,1,181
2013,4,Jungnang,150,0,195
2013,5,Jungnang,138,0,197
2013,6,Jungnang,140,3,193
2013,7,Jungnang,137,1,201
2013,8,Jungnang,145,1,191
2013,9,Jungnang,173,0,232
2013,10,Jungnang,153,0,212
2013,11,Jungnang,153,2,202
2013,12,Jungnang,140,1,212
2013,1,Seongbuk,112,2,155
2013,2,Seongbuk,103,0,159
2013,3,Seongbuk,134,2,186
2013,4,Seongbuk,97,0,139
2013,5,Seongbuk,150,0,207
2013,6,Seongbuk,130,1,180
2013,7,Seongbuk,137,1,187
2013,8,Seongbuk,126,0,174
2013,9,Seongbuk,122,1,178
2013,10,Seongbuk,151,1,200
2013,11,Seongbuk,153,1,235
2013,12,Seongbuk,121,0,149
2013,1,Gangbuk,76,0,111
2013,2,Gangbuk,70,0,98
2013,3,Gangbuk,85,0,113
2013,4,Gangbuk,85,0,116
2013,5,Gangbuk,97,1,135
2013,6,Gangbuk,103,2,126
2013,7,Gangbuk,99,1,138
2013,8,Gangbuk,113,1,155
2013,9,Gangbuk,100,1,127
2013,10,Gangbuk,100,0,139
2013,11,Gangbuk,82,0,127
2013,12,Gangbuk,97,4,140
2013,1,Dobong,75,1,93
2013,2,Dobong,63,0,98
2013,3,Dobong,75,0,109
2013,4,Dobong,74,0,101
2013,5,Dobong,79,0,112
2013,6,Dobong,92,2,123
2013,7,Dobong,82,0,123
2013,8,Dobong,77,0,100
2013,9,Dobong,72,1,85
2013,10,Dobong,93,2,128
2013,11,Dobong,72,0,86
2013,12,Dobong,80,2,101
2013,1,Nowon,105,1,161
2013,2,Nowon,100,1,160
2013,3,Nowon,114,1,160
2013,4,Nowon,121,1,173
2013,5,Nowon,136,1,206
2013,6,Nowon,139,1,223
2013,7,Nowon,118,0,181
2013,8,Nowon,117,1,142
2013,9,Nowon,134,1,177
2013,10,Nowon,151,1,186
2013,11,Nowon,142,3,195
2013,12,Nowon,145,1,211
2013,1,Eunpyeong,93,0,128
2013,2,Eunpyeong,89,1,123
2013,3,Eunpyeong,119,2,175
2013,4,Eunpyeong,133,0,175
2013,5,Eunpyeong,131,1,186
2013,6,Eunpyeong,117,0,158
2013,7,Eunpyeong,91,0,133
2013,8,Eunpyeong,105,0,133
2013,9,Eunpyeong,87,0,123
2013,10,Eunpyeong,104,3,130
2013,11,Eunpyeong,119,2,154
2013,12,Eunpyeong,82,1,98
2013,1,Seodaemun,96,1,145
2013,2,Seodaemun,76,0,106
2013,3,Seodaemun,86,2,135
2013,4,Seodaemun,82,2,114
2013,5,Seodaemun,91,0,154
2013,6,Seodaemun,93,1,145
2013,7,Seodaemun,88,1,132
2013,8,Seodaemun,86,0,120
2013,9,Seodaemun,96,3,135
2013,10,Seodaemun,82,1,107
2013,11,Seodaemun,106,1,146
2013,12,Seodaemun,99,2,139
2013,1,Mapo,117,4,192
2013,2,Mapo,110,4,159
2013,3,Mapo,153,3,218
2013,4,Mapo,158,1,311
2013,5,Mapo,175,2,248
2013,6,Mapo,140,0,193
2013,7,Mapo,136,2,216
2013,8,Mapo,159,0,283
2013,9,Mapo,156,1,216
2013,10,Mapo,158,3,278
2013,11,Mapo,155,1,228
2013,12,Mapo,130,2,190
2013,1,Yangcheon,95,0,137
2013,2,Yangcheon,79,0,112
2013,3,Yangcheon,109,1,159
2013,4,Yangcheon,114,1,177
2013,5,Yangcheon,126,2,157
2013,6,Yangcheon,121,0,166
2013,7,Yangcheon,123,2,188
2013,8,Yangcheon,112,0,175
2013,9,Yangcheon,123,4,153
2013,10,Yangcheon,117,2,171
2013,11,Yangcheon,128,1,191
2013,12,Yangcheon,93,1,119
2013,1,Gangseo,129,2,182
2013,2,Gangseo,104,3,161
2013,3,Gangseo,152,3,193
2013,4,Gangseo,153,3,232
2013,5,Gangseo,149,1,208
2013,6,Gangseo,157,4,237
2013,7,Gangseo,151,2,238
2013,8,Gangseo,155,2,246
2013,9,Gangseo,146,1,214
2013,10,Gangseo,168,2,233
2013,11,Gangseo,127,2,168
2013,12,Gangseo,124,1,205
2013,1,Guro,117,0,193
2013,2,Guro,83,0,121
2013,3,Guro,97,1,152
2013,4,Guro,127,4,215
2013,5,Guro,117,3,184
2013,6,Guro,130,1,202
2013,7,Guro,131,1,190
2013,8,Guro,97,3,142
2013,9,Guro,146,2,208
2013,10,Guro,139,1,228
2013,11,Guro,120,0,161
2013,12,Guro,111,3,169
2013,1,Geumcheon,93,0,145
2013,2,Geumcheon,52,1,74
2013,3,Geumcheon,75,3,127
2013,4,Geumcheon,84,0,115
2013,5,Geumcheon,86,2,113
2013,6,Geumcheon,91,0,143
2013,7,Geumcheon,73,2,137
2013,8,Geumcheon,79,1,108
2013,9,Geumcheon,83,0,127
2013,10,Geumcheon,85,0,125
2013,11,Geumcheon,71,0,90
2013,12,Geumcheon,67,1,115
2013,1,Yeongdeungpo,157,2,223
2013,2,Yeongdeungpo,144,2,225
2013,3,Yeongdeungpo,180,3,266
2013,4,Yeongdeungpo,193,1,260
2013,5,Yeongdeungpo,194,1,258
2013,6,Yeongdeungpo,191,4,260
2013,7,Yeongdeungpo,174,1,258
2013,8,Yeongdeungpo,177,2,258
2013,9,Yeongdeungpo,187,4,244
2013,10,Yeongdeungpo,182,3,271
2013,11,Yeongdeungpo,191,3,297
2013,12,Yeongdeungpo,187,3,308
2013,1,Dongjak,94,0,175
2013,2,Dongjak,82,0,132
2013,3,Dongjak,87,0,110
2013,4,Dongjak,108,1,158
2013,5,Dongjak,111,0,171
2013,6,Dongjak,130,0,186
2013,7,Dongjak,117,0,175
2013,8,Dongjak,111,0,163
2013,9,Dongjak,94,1,128
2013,10,Dongjak,88,2,142
2013,11,Dongjak,107,4,151
2013,12,Dongjak,104,3,157
2013,1,Gwanak,139,0,202
2013,2,Gwanak,108,0,154
2013,3,Gwanak,151,4,214
2013,4,Gwanak,156,2,260
2013,5,Gwanak,178,3,227
2013,6,Gwanak,181,1,259
2013,7,Gwanak,134,0,185
2013,8,Gwanak,152,1,191
2013,9,Gwanak,119,3,158
2013,10,Gwanak,149,2,223
2013,11,Gwanak,147,1,207
2013,12,Gwanak,139,3,202
2013,1,Seocho,186,0,326
2013,2,Seocho,134,1,212
2013,3,Seocho,173,1,259
2013,4,Seocho,179,2,282
2013,5,Seocho,198,2,332
2013,6,Seocho,170,2,268
2013,7,Seocho,177,2,268
2013,8,Seocho,176,0,270
2013,9,Seocho,178,3,266
2013,10,Seocho,169,1,326
2013,11,Seocho,161,4,262
2013,12,Seocho,154,1,233
2013,1,Gangnam,287,2,444
2013,2,Gangnam,267,1,437
2013,3,Gangnam,304,3,459
2013,4,Gangnam,309,5,474
2013,5,Gangnam,307,3,456
2013,6,Gangnam,287,1,406
2013,7,Gangnam,331,1,502
2013,8,Gangnam,294,5,414
2013,9,Gangnam,256,0,370
2013,10,Gangnam,316,4,439
2013,11,Gangnam,337,3,452
2013,12,Gangnam,315,3,473
2013,1,Songpa,211,3,306
2013,2,Songpa,136,0,236
2013,3,Songpa,204,2,306
2013,4,Songpa,200,1,291
2013,5,Songpa,243,3,372
2013,6,Songpa,231,3,321
2013,7,Songpa,207,5,305
2013,8,Songpa,186,2,268
2013,9,Songpa,189,0,253
2013,10,Songpa,266,1,339
2013,11,Songpa,227,0,308
2013,12,Songpa,173,1,251
2013,1,Gangdong,104,2,156
2013,2,Gangdong,101,1,172
2013,3,Gangdong,116,2,148
2013,4,Gangdong,103,0,129
2013,5,Gangdong,130,1,192
2013,6,Gangdong,142,2,198
2013,7,Gangdong,111,2,151
2013,8,Gangdong,107,1,161
2013,9,Gangdong,99,0,136
2013,10,Gangdong,129,0,188
2013,11,Gangdong,118,1,157
2013,12,Gangdong,96,0,154
2014,1,Jongno,78,0,105
2014,2,Jongno,70,1,94
2014,3,Jongno,102,1,135
2014,4,Jongno,108,1,145
2014,5,Jongno,128,1,165
2014,6,Jongno,126,1,188
2014,7,Jongno,112,1,143
2014,8,Jongno,119,2,150
2014,9,Jongno,103,0,134
2014,10,Jongno,112,2,156
2014,11,Jongno,135,0,185
2014,12,Jongno,121,1,190
2014,1,Jung,93,0,121
2014,2,Jung,74,2,100
2014,3,Jung,126,0,163
2014,4,Jung,95,0,123
2014,5,Jung,112,2,147
2014,6,Jung,107,0,146
2014,7,Jung,119,0,162
2014,8,Jung,115,0,167
2014,9,Jung,112,1,160
2014,10,Jung,124,1,171
2014,11,Jung,109,0,156
2014,12,Jung,119,1,169
2014,1,Yongsan,86,1,115
2014,2,Yongsan,91,1,123
2014,3,Yongsan,108,0,163
2014,4,Yongsan,90,0,148
2014,5,Yongsan,103,1,153
2014,6,Yongsan,132,1,210
2014,7,Yongsan,130,3,188
2014,8,Yongsan,113,1,158
2014,9,Yongsan,113,0,161
2014,10,Yongsan,145,0,202
2014,11,Yongsan,110,0,161
2014,12,Yongsan,129,0,189
2014,1,Seongdong,73,3,106
2014,2,Seongdong,61,1,97
2014,3,Seongdong,94,1,131
2014,4,Seongdong,90,1,133
2014,5,Seongdong,102,1,139
2014,6,Seongdong,98,0,148
2014,7,Seongdong,109,1,151
2014,8,Seongdong,108,0,152
2014,9,Seongdong,110,0,166
2014,10,Seongdong,102,1,146
2014,11,Seongdong,115,0,166
2014,12,Seongdong,127,2,177
2014,1,Gwangjin,114,1,159
2014,2,Gwangjin,85,1,113
2014,3,Gwangjin,122,1,155
2014,4,Gwangjin,118,0,176
2014,5,Gwangjin,131,1,175
2014,6,Gwangjin,130,1,194
2014,7,Gwangjin,141,0,207
2014,8,Gwangjin,139,1,202
2014,9,Gwangjin,142,2,222
2014,10,Gwangjin,127,2,161
2014,11,Gwangjin,110,2,153
2014,12,Gwangjin,121,0,164
2014,1,Dongdaemun,138,2,203
2014,2,Dongdaemun,126,0,149
2014,3,Dongdaemun,145,1,189
2014,4,Dongdaemun,150,5,191
2014,5,Dongdaemun,154,2,206
2014,6,Dongdaemun,164,5,191
2014,7,Dongdaemun,163,2,204
2014,8,Dongdaemun,160,1,222
2014,9,Dongdaemun,147,2,197
2014,10,Dongdaemun,166,1,206
2014,11,Dongdaemun,170,3,215
2014,12,Dongdaemun,165,3,234
2014,1,Jungnang,118,1,173
2014,2,Jungnang,86,1,112
2014,3,Jungnang,122,0,152
2014,4,Jungnang,127,1,168
2014,5,Jungnang,144,1,176
2014,6,Jungnang,142,1,192
2014,7,Jungnang,145,0,185
2014,8,Jungnang,122,1,170
2014,9,Jungnang,164,0,221
2014,10,Jungnang,152,3,209
2014,11,Jungnang,149,0,214
2014,12,Jungnang,151,2,208
2014,1,Seongbuk,101,1,138
2014,2,Seongbuk,127,2,169
2014,3,Seongbuk,132,0,175
2014,4,Seongbuk,128,2,161
2014,5,Seongbuk,177,2,232
2014,6,Seongbuk,128,3,161
2014,7,Seongbuk,144,0,196
2014,8,Seongbuk,136,0,169
2014,9,Seongbuk,149,2,186
2014,10,Seongbuk,159,2,228
2014,11,Seongbuk,139,2,184
2014,12,Seongbuk,144,1,228
2014,1,Gangbuk,75,0,117
2014,2,Gangbuk,71,1,97
2014,3,Gangbuk,111,1,152
2014,4,Gangbuk,111,0,159
2014,5,Gangbuk,103,0,137
2014,6,Gangbuk,113,2,159
2014,7,Gangbuk,126,2,144
2014,8,Gangbuk,123,1,171
2014,9,Gangbuk,96,2,142
2014,10,Gangbuk,129,0,164
2014,11,Gangbuk,132,1,163
2014,12,Gangbuk,123,2,168
2014,1,Dobong,60,1,83
2014,2,Dobong,45,3,55
2014,3,Dobong,78,0,107
2014,4,Dobong,64,1,79
2014,5,Dobong,88,1,129
2014,6,Dobong,86,0,106
2014,7,Dobong,106,2,137
2014,8,Dobong,86,2,117
2014,9,Dobong,82,2,120
2014,10,Dobong,77,0,98
2014,11,Dobong,68,1,78
2014,12,Dobong,79,1,96
2014,1,Nowon,104,1,151
2014,2,Nowon,93,1,124
2014,3,Nowon,129,2,170
2014,4,Nowon,144,3,202
2014,5,Nowon,129,1,170
2014,6,Nowon,132,2,173
2014,7,Nowon,128,1,160
2014,8,Nowon,131,2,185
2014,9,Nowon,124,0,158
2014,10,Nowon,137,1,188
2014,11,Nowon,135,0,185
2014,12,Nowon,130,3,172
2014,1,Eunpyeong,63,0,94
2014,2,Eunpyeong,90,0,118
2014,3,Eunpyeong,96,1,134
2014,4,Eunpyeong,100,1,138
2014,5,Eunpyeong,123,3,194
2014,6,Eunpyeong,119,2,185
2014,7,Eunpyeong,133,0,168
2014,8,Eunpyeong,115,1,155
2014,9,Eunpyeong,111,0,148
2014,10,Eunpyeong,131,0,210
2014,11,Eunpyeong,134,1,193
2014,12,Eunpyeong,110,2,152
2014,1,Seodaemun,90,0,127
2014,2,Seodaemun,76,2,107
2014,3,Seodaemun,105,0,164
2014,4,Seodaemun,96,2,140
2014,5,Seodaemun,92,2,132
2014,6,Seodaemun,103,0,130
2014,7,Seodaemun,81,1,112
2014,8,Seodaemun,74,0,99
2014,9,Seodaemun,88,2,120
2014,10,Seodaemun,102,2,170
2014,11,Seodaemun,108,3,128
2014,12,Seodaemun,107,2,161
2014,1,Mapo,115,2,179
2014,2,Mapo,105,2,156
2014,3,Mapo,136,1,193
2014,4,Mapo,134,3,197
2014,5,Mapo,154,2,228
2014,6,Mapo,174,0,260
2014,7,Mapo,168,2,253
2014,8,Mapo,141,1,224
2014,9,Mapo,146,3,234
2014,10,Mapo,166,1,241
2014,11,Mapo,148,1,209
2014,12,Mapo,172,2,259
2014,1,Yangcheon,102,1,127
2014,2,Yangcheon,84,0,132
2014,3,Yangcheon,122,0,173
2014,4,Yangcheon,136,1,165
2014,5,Yangcheon,126,0,177
2014,6,Yangcheon,134,1,188
2014,7,Yangcheon,137,0,208
2014,8,Yangcheon,130,0,188
2014,9,Yangcheon,149,2,180
2014,10,Yangcheon,123,3,176
2014,11,Yangcheon,118,2,153
2014,12,Yangcheon,105,3,133
2014,1,Gangseo,104,0,155
2014,2,Gangseo,120,0,168
2014,3,Gangseo,173,5,237
2014,4,Gangseo,120,3,168
2014,5,Gangseo,170,6,275
2014,6,Gangseo,161,2,247
2014,7,Gangseo,162,1,230
2014,8,Gangseo,160,3,219
2014,9,Gangseo,145,3,218
2014,10,Gangseo,161,3,234
2014,11,Gangseo,175,2,259
2014,12,Gangseo,155,4,204
2014,1,Guro,114,4,172
2014,2,Guro,100,2,143
2014,3,Guro,112,0,168
2014,4,Guro,127,2,164
2014,5,Guro,153,2,214
2014,6,Guro,139,1,193
2014,7,Guro,141,2,197
2014,8,Guro,142,2,200
2014,9,Guro,136,2,194
2014,10,Guro,153,1,201
2014,11,Guro,122,1,165
2014,12,Guro,127,0,194
2014,1,Geumcheon,60,1,90
2014,2,Geumcheon,55,0,76
2014,3,Geumcheon,76,1,104
2014,4,Geumcheon,100,2,150
2014,5,Geumcheon,103,1,145
2014,6,Geumcheon,78,0,119
2014,7,Geumcheon,115,4,167
2014,8,Geumcheon,75,0,117
2014,9,Geumcheon,93,0,120
2014,10,Geumcheon,107,4,191
2014,11,Geumcheon,87,0,138
2014,12,Geumcheon,80,0,118
2014,1,Yeongdeungpo,154,3,225
2014,2,Yeongdeungpo,130,3,187
2014,3,Yeongdeungpo,194,4,309
2014,4,Yeongdeungpo,185,2,240
2014,5,Yeongdeungpo,220,1,305
2014,6,Yeongdeungpo,168,2,236
2014,7,Yeongdeungpo,191,1,293
2014,8,Yeongdeungpo,199,2,295
2014,9,Yeongdeungpo,192,1,269
2014,10,Yeongdeungpo,200,3,263
2014,11,Yeongdeungpo,196,3,269
2014,12,Yeongdeungpo,164,1,237
2014,1,Dongjak,82,0,114
2014,2,Dongjak,84,1,108
2014,3,Dongjak,129,1,162
2014,4,Dongjak,132,1,176
2014,5,Dongjak,150,0,211
2014,6,Dongjak,126,1,197
2014,7,Dongjak,112,2,147
2014,8,Dongjak,93,1,136
2014,9,Dongjak,120,2,149
2014,10,Dongjak,113,2,156
2014,11,Dongjak,129,0,178
2014,12,Dongjak,129,2,167
2014,1,Gwanak,115,2,178
2014,2,Gwanak,128,1,188
2014,3,Gwanak,129,2,176
2014,4,Gwanak,152,3,196
2014,5,Gwanak,126,3,163
2014,6,Gwanak,144,0,208
2014,7,Gwanak,145,2,176
2014,8,Gwanak,186,2,240
2014,9,Gwanak,138,2,167
2014,10,Gwanak,147,2,204
2014,11,Gwanak,157,1,217
2014,12,Gwanak,149,2,204
2014,1,Seocho,133,1,198
2014,2,Seocho,147,0,233
2014,3,Seocho,176,0,262
2014,4,Seocho,196,2,303
2014,5,Seocho,191,3,288
2014,6,Seocho,193,0,339
2014,7,Seocho,204,2,314
2014,8,Seocho,207,0,297
2014,9,Seocho,181,1,273
2014,10,Seocho,203,3,367
2014,11,Seocho,200,1,299
2014,12,Seocho,186,0,273
2014,1,Gangnam,270,0,360
2014,2,Gangnam,264,0,393
2014,3,Gangnam,300,4,404
2014,4,Gangnam,292,1,405
2014,5,Gangnam,298,2,426
2014,6,Gangnam,323,3,487
2014,7,Gangnam,326,1,464
2014,8,Gangnam,278,1,429
2014,9,Gangnam,297,2,424
2014,10,Gangnam,309,2,465
2014,11,Gangnam,334,1,498
2014,12,Gangnam,333,0,514
2014,1,Songpa,155,3,227
2014,2,Songpa,153,1,223
2014,3,Songpa,195,5,272
2014,4,Songpa,213,1,289
2014,5,Songpa,235,4,327
2014,6,Songpa,227,4,308
2014,7,Songpa,264,1,356
2014,8,Songpa,256,2,357
2014,9,Songpa,229,1,307
2014,10,Songpa,230,0,301
2014,11,Songpa,223,2,315
2014,12,Songpa,228,0,353
2014,1,Gangdong,90,2,163
2014,2,Gangdong,101,1,159
2014,3,Gangdong,123,1,174
2014,4,Gangdong,108,1,167
2014,5,Gangdong,116,0,152
2014,6,Gangdong,129,1,159
2014,7,Gangdong,150,1,196
2014,8,Gangdong,136,1,177
2014,9,Gangdong,115,3,157
2014,10,Gangdong,123,1,152
2014,11,Gangdong,153,1,210
2014,12,Gangdong,98,1,148
2015,1,Jongno,88,0,119
2015,2,Jongno,82,1,114
2015,3,Jongno,121,0,181
2015,4,Jongno,136,0,188
2015,5,Jongno,137,0,192
2015,6,Jongno,100,0,149
2015,7,Jongno,111,2,154
2015,8,Jongno,113,1,148
2015,9,Jongno,141,1,173
2015,10,Jongno,137,0,179
2015,11,Jongno,127,1,169
2015,12,Jongno,121,2,167
2015,1,Jung,86,1,127
2015,2,Jung,78,0,105
2015,3,Jung,113,0,153
2015,4,Jung,125,0,183
2015,5,Jung,128,0,170
2015,6,Jung,99,0,144
2015,7,Jung,106,0,141
2015,8,Jung,116,1,144
2015,9,Jung,107,1,151
2015,10,Jung,130,2,162
2015,11,Jung,139,0,180
2015,12,Jung,111,3,143
2015,1,Yongsan,118,2,176
2015,2,Yongsan,102,1,145
2015,3,Yongsan,135,2,179
2015,4,Yongsan,111,1,144
2015,5,Yongsan,137,1,187
2015,6,Yongsan,121,1,169
2015,7,Yongsan,127,2,162
2015,8,Yongsan,117,1,162
2015,9,Yongsan,157,3,212
2015,10,Yongsan,137,2,195
2015,11,Yongsan,141,0,217
2015,12,Yongsan,113,2,162
2015,1,Seongdong,87,1,114
2015,2,Seongdong,80,1,108
2015,3,Seongdong,94,1,142
2015,4,Seongdong,104,0,146
2015,5,Seongdong,110,0,136
2015,6,Seongdong,86,0,107
2015,7,Seongdong,113,1,156
2015,8,Seongdong,113,3,156
2015,9,Seongdong,136,0,205
2015,10,Seongdong,105,0,159
2015,11,Seongdong,106,0,148
2015,12,Seongdong,93,1,148
2015,1,Gwangjin,79,1,128
2015,2,Gwangjin,69,1,110
2015,3,Gwangjin,83,0,119
2015,4,Gwangjin,109,1,159
2015,5,Gwangjin,111,3,155
2015,6,Gwangjin,99,1,140
2015,7,Gwangjin,116,3,164
2015,8,Gwangjin,111,1,141
2015,9,Gwangjin,139,2,188
2015,10,Gwangjin,129,0,186
2015,11,Gwangjin,106,4,139
2015,12,Gwangjin,84,0,115
2015,1,Dongdaemun,137,3,172
2015,2,Dongdaemun,123,2,177
2015,3,Dongdaemun,187,1,249
2015,4,Dongdaemun,174,2,235
2015,5,Dongdaemun,190,0,247
2015,6,Dongdaemun,156,1,199
2015,7,Dongdaemun,185,1,254
2015,8,Dongdaemun,163,0,203
2015,9,Dongdaemun,175,0,237
2015,10,Dongdaemun,181,1,242
2015,11,Dongdaemun,202,3,251
2015,12,Dongdaemun,212,2,265
2015,1,Jungnang,124,0,189
2015,2,Jungnang,103,0,160
2015,3,Jungnang,143,1,179
2015,4,Jungnang,143,0,188
2015,5,Jungnang,160,3,217
2015,6,Jungnang,160,2,213
2015,7,Jungnang,128,1,158
2015,8,Jungnang,136,1,175
2015,9,Jungnang,150,3,191
2015,10,Jungnang,148,2,176
2015,11,Jungnang,164,2,216
2015,12,Jungnang,163,1,207
2015,1,Seongbuk,100,4,144
2015,2,Seongbuk,106,1,141
2015,3,Seongbuk,154,0,199
2015,4,Seongbuk,120,0,167
2015,5,Seongbuk,160,5,231
2015,6,Seongbuk,131,1,184
2015,7,Seongbuk,143,2,186
2015,8,Seongbuk,139,0,181
2015,9,Seongbuk,166,2,230
2015,10,Seongbuk,163,0,218
2015,11,Seongbuk,162,1,217
2015,12,Seongbuk,136,3,188
2015,1,Gangbuk,80,1,106
2015,2,Gangbuk,70,3,117
2015,3,Gangbuk,101,4,130
2015,4,Gangbuk,105,1,143
2015,5,Gangbuk,102,0,137
2015,6,Gangbuk,132,1,169
2015,7,Gangbuk,103,1,144
2015,8,Gangbuk,104,0,140
2015,9,Gangbuk,120,2,144
2015,10,Gangbuk,113,2,154
2015,11,Gangbuk,119,0,148
2015,12,Gangbuk,116,1,152
2015,1,Dobong,63,0,101
2015,2,Dobong,62,1,84
2015,3,Dobong,61,0,92
2015,4,Dobong,89,1,130
2015,5,Dobong,69,1,90
2015,6,Dobong,81,3,100
2015,7,Dobong,78,0,105
2015,8,Dobong,74,0,97
2015,9,Dobong,69,1,90
2015,10,Dobong,96,0,128
2015,11,Dobong,80,0,115
2015,12,Dobong,92,1,123
2015,1,Nowon,116,0,165
2015,2,Nowon,107,2,169
2015,3,Nowon,122,1,167
2015,4,Nowon,122,1,161
2015,5,Nowon,147,3,218
2015,6,Nowon,100,0,156
2015,7,Nowon,117,0,168
2015,8,Nowon,127,0,202
2015,9,Nowon,144,2,196
2015,10,Nowon,105,3,147
2015,11,Nowon,141,3,186
2015,12,Nowon,111,0,163
2015,1,Eunpyeong,79,1,130
2015,2,Eunpyeong,86,2,118
2015,3,Eunpyeong,98,0,123
2015,4,Eunpyeong,100,2,148
2015,5,Eunpyeong,103,0,150
2015,6,Eunpyeong,108,3,139
2015,7,Eunpyeong,104,2,148
2015,8,Eunpyeong,119,1,162
2015,9,Eunpyeong,121,0,173
2015,10,Eunpyeong,109,2,145
2015,11,Eunpyeong,80,2,106
2015,12,Eunpyeong,96,1,131
2015,1,Seodaemun,77,3,115
2015,2,Seodaemun,67,1,116
2015,3,Seodaemun,95,0,135
2015,4,Seodaemun,94,2,145
2015,5,Seodaemun,81,1,100
2015,6,Seodaemun,79,0,105
2015,7,Seodaemun,97,1,120
2015,8,Seodaemun,88,0,115
2015,9,Seodaemun,101,2,135
2015,10,Seodaemun,102,1,139
2015,11,Seodaemun,97,0,145
2015,12,Seodaemun,93,2,122
2015,1,Mapo,124,0,198
2015,2,Mapo,116,0,184
2015,3,Mapo,152,5,214
2015,4,Mapo,150,1,215
2015,5,Mapo,148,2,220
2015,6,Mapo,172,0,283
2015,7,Mapo,132,2,189
2015,8,Mapo,152,0,228
2015,9,Mapo,172,1,246
2015,10,Mapo,166,2,257
2015,11,Mapo,167,2,271
2015,12,Mapo,151,2,225
2015,1,Yangcheon,122,0,177
2015,2,Yangcheon,97,0,134
2015,3,Yangcheon,119,0,176
2015,4,Yangcheon,132,2,206
2015,5,Yangcheon,131,1,172
2015,6,Yangcheon,142,4,172
2015,7,Yangcheon,138,1,185
2015,8,Yangcheon,126,0,166
2015,9,Yangcheon,144,0,221
2015,10,Yangcheon,153,2,219
2015,11,Yangcheon,168,4,245
2015,12,Yangcheon,124,0,158
2015,1,Gangseo,128,0,203
2015,2,Gangseo,125,0,161
2015,3,Gangseo,130,1,217
2015,4,Gangseo,178,1,240
2015,5,Gangseo,160,1,216
2015,6,Gangseo,146,0,192
2015,7,Gangseo,178,0,239
2015,8,Gangseo,173,2,235
2015,9,Gangseo,174,5,297
2015,10,Gangseo,167,1,238
2015,11,Gangseo,201,1,278
2015,12,Gangseo,172,0,246
2015,1,Guro,114,5,148
2015,2,Guro,109,2,141
2015,3,Guro,107,0,135
2015,4,Guro,124,2,185
2015,5,Guro,139,3,200
2015,6,Guro,121,0,175
2015,7,Guro,160,0,224
2015,8,Guro,139,0,205
2015,9,Guro,112,0,157
2015,10,Guro,140,2,231
2015,11,Guro,135,4,189
2015,12,Guro,108,1,137
2015,1,Geumcheon,76,3,127
2015,2,Geumcheon,61,0,95
2015,3,Geumcheon,81,0,107
2015,4,Geumcheon,78,0,119
2015,5,Geumcheon,81,1,116
2015,6,Geumcheon,73,1,93
2015,7,Geumcheon,83,0,137
2015,8,Geumcheon,73,1,104
2015,9,Geumcheon,91,2,143
2015,10,Geumcheon,82,0,142
2015,11,Geumcheon,48,1,68
2015,12,Geumcheon,87,1,123
2015,1,Yeongdeungpo,147,5,253
2015,2,Yeongdeungpo,155,4,221
2015,3,Yeongdeungpo,186,2,254
2015,4,Yeongdeungpo,197,1,285
2015,5,Yeongdeungpo,219,0,317
2015,6,Yeongdeungpo,213,2,325
2015,7,Yeongdeungpo,241,1,340
2015,8,Yeongdeungpo,246,1,352
2015,9,Yeongdeungpo,216,2,296
2015,10,Yeongdeungpo,215,1,297
2015,11,Yeongdeungpo,211,4,317
2015,12,Yeongdeungpo,216,5,307
2015,1,Dongjak,101,0,167
2015,2,Dongjak,88,0,138
2015,3,Dongjak,96,2,129
2015,4,Dongjak,119,0,150
2015,5,Dongjak,137,1,187
2015,6,Dongjak,110,2,158
2015,7,Dongjak,120,0,159
2015,8,Dongjak,119,1,187
2015,9,Dongjak,116,1,165
2015,10,Dongjak,124,0,161
2015,11,Dongjak,134,0,205
2015,12,Dongjak,122,0,188
2015,1,Gwanak,139,2,180
2015,2,Gwanak,96,1,128
2015,3,Gwanak,128,0,168
2015,4,Gwanak,140,0,187
2015,5,Gwanak,157,1,198
2015,6,Gwanak,123,1,153
2015,7,Gwanak,142,0,186
2015,8,Gwanak,136,1,175
2015,9,Gwanak,125,0,174
2015,10,Gwanak,157,4,209
2015,11,Gwanak,144,1,193
2015,12,Gwanak,138,1,184
2015,1,Seocho,138,2,218
2015,2,Seocho,134,0,188
2015,3,Seocho,189,0,297
2015,4,Seocho,182,4,281
2015,5,Seocho,192,0,279
2015,6,Seocho,202,1,318
2015,7,Seocho,183,2,335
2015,8,Seocho,185,1,290
2015,9,Seocho,174,1,280
2015,10,Seocho,197,3,314
2015,11,Seocho,208,3,309
2015,12,Seocho,176,3,249
2015,1,Gangnam,309,1,453
2015,2,Gangnam,287,2,424
2015,3,Gangnam,345,5,552
2015,4,Gangnam,322,1,473
2015,5,Gangnam,303,1,438
2015,6,Gangnam,296,0,433
2015,7,Gangnam,377,0,535
2015,8,Gangnam,320,2,435
2015,9,Gangnam,306,2,411
2015,10,Gangnam,371,3,499
2015,11,Gangnam,360,1,513
2015,12,Gangnam,374,2,520
2015,1,Songpa,217,1,301
2015,2,Songpa,182,1,254
2015,3,Songpa,212,2,313
2015,4,Songpa,227,1,307
2015,5,Songpa,245,1,318
2015,6,Songpa,231,2,336
2015,7,Songpa,230,1,315
2015,8,Songpa,242,3,348
2015,9,Songpa,216,1,293
2015,10,Songpa,253,1,365
2015,11,Songpa,229,1,324
2015,12,Songpa,203,1,289
2015,1,Gangdong,118,2,167
2015,2,Gangdong,97,0,152
2015,3,Gangdong,132,2,193
2015,4,Gangdong,125,3,171
2015,5,Gangdong,122,2,194
2015,6,Gangdong,109,1,130
2015,7,Gangdong,135,3,176
2015,8,Gangdong,136,2,206
2015,9,Gangdong,139,1,195
2015,10,Gangdong,140,2,220
2015,11,Gangdong,125,3,166
2015,12,Gangdong,116,2,159
2016,1,Jongno,105,0,143
2016,2,Jongno,75,1,103
2016,3,Jongno,113,0,145
2016,4,Jongno,119,0,149
2016,5,Jongno,151,0,189
2016,6,Jongno,95,1,135
2016,7,Jongno,122,1,175
2016,8,Jongno,96,0,135
2016,9,Jongno,102,2,138
2016,10,Jongno,106,1,146
2016,11,Jongno,98,0,133
2016,12,Jongno,117,3,157
2016,1,Jung,94,1,138
2016,2,Jung,84,0,111
2016,3,Jung,107,2,128
2016,4,Jung,129,1,169
2016,5,Jung,113,0,151
2016,6,Jung,102,0,144
2016,7,Jung,110,0,148
2016,8,Jung,106,1,146
2016,9,Jung,100,5,133
2016,10,Jung,136,4,172
2016,11,Jung,101,1,135
2016,12,Jung,106,2,141
2016,1,Yongsan,101,0,134
2016,2,Yongsan,81,0,119
2016,3,Yongsan,111,2,157
2016,4,Yongsan,142,2,176
2016,5,Yongsan,134,0,195
2016,6,Yongsan,107,0,146
2016,7,Yongsan,107,1,142
2016,8,Yongsan,121,1,192
2016,9,Yongsan,119,1,165
2016,10,Yongsan,135,2,208
2016,11,Yongsan,132,3,205
2016,12,Yongsan,138,0,230
2016,1,Seongdong,83,0,124
2016,2,Seongdong,62,0,101
2016,3,Seongdong,109,3,146
2016,4,Seongdong,90,3,138
2016,5,Seongdong,111,1,135
2016,6,Seongdong,89,3,130
2016,7,Seongdong,89,0,127
2016,8,Seongdong,99,2,145
2016,9,Seongdong,75,1,106
2016,10,Seongdong,98,1,135
2016,11,Seongdong,100,1,127
2016,12,Seongdong,94,0,127
2016,1,Gwangjin,101,0,165
2016,2,Gwangjin,75,2,111
2016,3,Gwangjin,94,0,127
2016,4,Gwangjin,85,0,119
2016,5,Gwangjin,102,1,142
2016,6,Gwangjin,85,1,110
2016,7,Gwangjin,87,0,131
2016,8,Gwangjin,90,0,126
2016,9,Gwangjin,82,1,113
2016,10,Gwangjin,82,2,105
2016,11,Gwangjin,78,0,98
2016,12,Gwangjin,84,2,119
2016,1,Dongdaemun,135,2,184
2016,2,Dongdaemun,151,1,202
2016,3,Dongdaemun,192,4,261
2016,4,Dongdaemun,155,0,196
2016,5,Dongdaemun,204,1,265
2016,6,Dongdaemun,192,0,233
2016,7,Dongdaemun,189,0,246
2016,8,Dongdaemun,137,0,169
2016,9,Dongdaemun,168,3,206
2016,10,Dongdaemun,204,0,272
2016,11,Dongdaemun,180,3,222
2016,12,Dongdaemun,144,0,173
2016,1,Jungnang,126,0,164
2016,2,Jungnang,101,0,139
2016,3,Jungnang,131,0,175
2016,4,Jungnang,118,2,141
2016,5,Jungnang,122,0,153
2016,6,Jungnang,142,0,184
2016,7,Jungnang,125,2,177
2016,8,Jungnang,120,1,162
2016,9,Jungnang,141,1,187
2016,10,Jungnang,153,2,205
2016,11,Jungnang,135,1,175
2016,12,Jungnang,121,0,168
2016,1,Seongbuk,129,0,162
2016,2,Seongbuk,108,2,135
2016,3,Seongbuk,148,0,197
2016,4,Seongbuk,147,2,195
2016,5,Seongbuk,150,4,187
2016,6,Seongbuk,124,0,167
2016,7,Seongbuk,127,3,168
2016,8,Seongbuk,138,1,175
2016,9,Seongbuk,139,0,186
2016,10,Seongbuk,133,1,167
2016,11,Seongbuk,142,0,184
2016,12,Seongbuk,133,0,183
2016,1,Gangbuk,98,1,129
2016,2,Gangbuk,68,0,85
2016,3,Gangbuk,112,1,152
2016,4,Gangbuk,120,2,163
2016,5,Gangbuk,115,2,170
2016,6,Gangbuk,116,1,161
2016,7,Gangbuk,93,1,131
2016,8,Gangbuk,94,1,126
2016,9,Gangbuk,105,3,152
2016,10,Gangbuk,100,0,131
2016,11,Gangbuk,105,2,150
2016,12,Gangbuk,101,1,128
2016,1,Dobong,67,1,94
2016,2,Dobong,77,3,101
2016,3,Dobong,76,1,93
2016,4,Dobong,98,0,152
2016,5,Dobong,72,1,104
2016,6,Dobong,82,0,110
2016,7,Dobong,76,0,98
2016,8,Dobong,83,1,110
2016,9,Dobong,71,0,87
2016,10,Dobong,87,2,128
2016,11,Dobong,77,1,99
2016,12,Dobong,83,1,130
2016,1,Nowon,99,1,145
2016,2,Nowon,104,2,159
2016,3,Nowon,109,1,156
2016,4,Nowon,119,1,188
2016,5,Nowon,125,2,177
2016,6,Nowon,132,0,183
2016,7,Nowon,146,1,215
2016,8,Nowon,124,1,176
2016,9,Nowon,136,1,183
2016,10,Nowon,152,1,212
2016,11,Nowon,144,1,205
2016,12,Nowon,145,1,217
2016,1,Eunpyeong,76,1,102
2016,2,Eunpyeong,83,2,118
2016,3,Eunpyeong,88,0,126
2016,4,Eunpyeong,94,2,118
2016,5,Eunpyeong,108,3,141
2016,6,Eunpyeong,108,0,131
2016,7,Eunpyeong,103,2,138
2016,8,Eunpyeong,98,0,150
2016,9,Eunpyeong,95,1,133
2016,10,Eunpyeong,94,1,126
2016,11,Eunpyeong,74,1,106
2016,12,Eunpyeong,100,1,129
2016,1,Seodaemun,87,2,122
2016,2,Seodaemun,92,0,126
2016,3,Seodaemun,98,0,142
2016,4,Seodaemun,82,1,111
2016,5,Seodaemun,90,2,109
2016,6,Seodaemun,82,1,99
2016,7,Seodaemun,73,1,96
2016,8,Seodaemun,106,0,164
2016,9,Seodaemun,94,1,139
2016,10,Seodaemun,127,3,179
2016,11,Seodaemun,97,1,138
2016,12,Seodaemun,107,2,141
2016,1,Mapo,136,3,213
2016,2,Mapo,116,4,163
2016,3,Mapo,143,0,212
2016,4,Mapo,136,0,208
2016,5,Mapo,145,1,203
2016,6,Mapo,139,2,219
2016,7,Mapo,148,1,206
2016,8,Mapo,158,1,236
2016,9,Mapo,153,1,219
2016,10,Mapo,178,0,283
2016,11,Mapo,144,1,192
2016,12,Mapo,172,1,251
2016,1,Yangcheon,119,1,165
2016,2,Yangcheon,89,2,124
2016,3,Yangcheon,124,2,159
2016,4,Yangcheon,117,2,161
2016,5,Yangcheon,141,0,192
2016,6,Yangcheon,118,1,166
2016,7,Yangcheon,118,1,163
2016,8,Yangcheon,122,1,178
2016,9,Yangcheon,128,0,183
2016,10,Yangcheon,150,0,213
2016,11,Yangcheon,136,2,166
2016,12,Yangcheon,131,0,186
2016,1,Gangseo,141,3,194
2016,2,Gangseo,138,1,189
2016,3,Gangseo,139,2,169
2016,4,Gangseo,159,0,196
2016,5,Gangseo,153,0,201
2016,6,Gangseo,140,1,177
2016,7,Gangseo,145,1,181
2016,8,Gangseo,146,2,205
2016,9,Gangseo,137,0,187
2016,10,Gangseo,138,2,182
2016,11,Gangseo,131,1,166
2016,12,Gangseo,124,0,183
2016,1,Guro,95,2,141
2016,2,Guro,95,1,135
2016,3,Guro,121,0,170
2016,4,Guro,141,0,197
2016,5,Guro,135,0,188
2016,6,Guro,114,2,167
2016,7,Guro,134,0,188
2016,8,Guro,128,0,174
2016,9,Guro,152,1,208
2016,10,Guro,161,1,239
2016,11,Guro,113,1,154
2016,12,Guro,122,1,178
2016,1,Geumcheon,74,1,120
2016,2,Geumcheon,54,2,71
2016,3,Geumcheon,59,0,82
2016,4,Geumcheon,84,2,134
2016,5,Geumcheon,78,0,108
2016,6,Geumcheon,62,0,86
2016,7,Geumcheon,65,1,101
2016,8,Geumcheon,51,1,58
2016,9,Geumcheon,58,4,79
2016,10,Geumcheon,69,3,94
2016,11,Geumcheon,63,0,83
2016,12,Geumcheon,82,1,117
2016,1,Yeongdeungpo,181,4,267
2016,2,Yeongdeungpo,154,0,215
2016,3,Yeongdeungpo,194,1,278
2016,4,Yeongdeungpo,208,2,315
2016,5,Yeongdeungpo,231,2,330
2016,6,Yeongdeungpo,189,1,272
2016,7,Yeongdeungpo,204,3,274
2016,8,Yeongdeungpo,190,2,269
2016,9,Yeongdeungpo,204,0,306
2016,10,Yeongdeungpo,217,4,300
2016,11,Yeongdeungpo,202,3,272
2016,12,Yeongdeungpo,229,0,375
2016,1,Dongjak,127,1,164
2016,2,Dongjak,104,2,156
2016,3,Dongjak,116,1,168
2016,4,Dongjak,140,4,176
2016,5,Dongjak,121,3,149
2016,6,Dongjak,111,1,146
2016,7,Dongjak,126,1,191
2016,8,Dongjak,118,0,158
2016,9,Dongjak,125,1,175
2016,10,Dongjak,124,1,153
2016,11,Dongjak,111,1,171
2016,12,Dongjak,148,3,221
2016,1,Gwanak,115,2,150
2016,2,Gwanak,95,3,133
2016,3,Gwanak,121,1,159
2016,4,Gwanak,132,2,199
2016,5,Gwanak,145,2,192
2016,6,Gwanak,110,1,142
2016,7,Gwanak,141,0,184
2016,8,Gwanak,90,1,131
2016,9,Gwanak,118,0,161
2016,10,Gwanak,130,1,184
2016,11,Gwanak,97,3,110
2016,12,Gwanak,114,3,150
2016,1,Seocho,173,2,238
2016,2,Seocho,164,0,244
2016,3,Seocho,187,2,277
2016,4,Seocho,191,1,330
2016,5,Seocho,199,1,272
2016,6,Seocho,189,0,310
2016,7,Seocho,226,3,316
2016,8,Seocho,180,1,307
2016,9,Seocho,176,1,234
2016,10,Seocho,206,3,318
2016,11,Seocho,220,2,329
2016,12,Seocho,202,0,298
2016,1,Gangnam,282,0,420
2016,2,Gangnam,245,0,356
2016,3,Gangnam,325,3,423
2016,4,Gangnam,333,0,454
2016,5,Gangnam,330,1,447
2016,6,Gangnam,341,3,489
2016,7,Gangnam,354,1,501
2016,8,Gangnam,323,0,449
2016,9,Gangnam,311,0,442
2016,10,Gangnam,336,3,504
2016,11,Gangnam,318,0,457
2016,12,Gangnam,330,1,503
2016,1,Songpa,213,0,298
2016,2,Songpa,171,4,218
2016,3,Songpa,220,0,314
2016,4,Songpa,224,1,324
2016,5,Songpa,205,0,293
2016,6,Songpa,232,2,307
2016,7,Songpa,225,1,324
2016,8,Songpa,227,0,319
2016,9,Songpa,231,1,318
2016,10,Songpa,226,0,309
2016,11,Songpa,214,2,295
2016,12,Songpa,210,3,327
2016,1,Gangdong,103,1,147
2016,2,Gangdong,124,2,162
2016,3,Gangdong,118,2,177
2016,4,Gangdong,135,0,193
2016,5,Gangdong,124,2,161
2016,6,Gangdong,114,0,150
2016,7,Gangdong,134,4,175
2016,8,Gangdong,123,0,159
2016,9,Gangdong,108,2,156
2016,10,Gangdong,110,1,149
2016,11,Gangdong,119,1,166
2016,12,Gangdong,114,2,162
2017,1,Jongno,98,2,159
2017,2,Jongno,71,2,96
2017,3,Jongno,99,1,140
2017,4,Jongno,113,1,166
2017,5,Jongno,116,0,146
2017,6,Jongno,114,0,152
2017,7,Jongno,87,2,141
2017,8,Jongno,81,0,119
2017,9,Jongno,112,1,155
2017,10,Jongno,94,0,145
2017,11,Jongno,97,2,115
2017,12,Jongno,108,2,155
2017,1,Jung,96,0,133
2017,2,Jung,103,0,147
2017,3,Jung,110,1,134
2017,4,Jung,89,0,132
2017,5,Jung,111,0,142
2017,6,Jung,108,2,151
2017,7,Jung,109,0,141
2017,8,Jung,96,0,140
2017,9,Jung,101,1,131
2017,10,Jung,105,0,129
2017,11,Jung,124,0,167
2017,12,Jung,100,0,137
2017,1,Yongsan,109,0,169
2017,2,Yongsan,89,0,122
2017,3,Yongsan,89,0,135
2017,4,Yongsan,111,0,153
2017,5,Yongsan,117,1,161
2017,6,Yongsan,103,4,135
2017,7,Yongsan,101,2,157
2017,8,Yongsan,112,0,155
2017,9,Yongsan,134,1,189
2017,10,Yongsan,150,1,216
2017,11,Yongsan,102,2,157
2017,12,Yongsan,120,1,200
2017,1,Seongdong,83,2,117
2017,2,Seongdong,75,1,121
2017,3,Seongdong,80,2,102
2017,4,Seongdong,101,0,141
2017,5,Seongdong,83,2,110
2017,6,Seongdong,98,0,141
2017,7,Seongdong,102,1,140
2017,8,Seongdong,84,2,115
2017,9,Seongdong,104,2,145
2017,10,Seongdong,87,0,113
2017,11,Seongdong,92,2,127
2017,12,Seongdong,87,1,129
2017,1,Gwangjin,73,3,105
2017,2,Gwangjin,78,1,101
2017,3,Gwangjin,89,1,112
2017,4,Gwangjin,83,3,106
2017,5,Gwangjin,101,2,125
2017,6,Gwangjin,101,2,137
2017,7,Gwangjin,80,0,95
2017,8,Gwangjin,86,1,129
2017,9,Gwangjin,87,0,110
2017,10,Gwangjin,99,2,133
2017,11,Gwangjin,89,0,127
2017,12,Gwangjin,98,1,161
2017,1,Dongdaemun,156,1,218
2017,2,Dongdaemun,127,3,160
2017,3,Dongdaemun,144,1,181
2017,4,Dongdaemun,144,0,165
2017,5,Dongdaemun,118,0,145
2017,6,Dongdaemun,142,0,166
2017,7,Dongdaemun,154,1,205
2017,8,Dongdaemun,149,7,172
2017,9,Dongdaemun,147,1,182
2017,10,Dongdaemun,143,5,179
2017,11,Dongdaemun,144,2,173
2017,12,Dongdaemun,150,4,193
2017,1,Jungnang,127,1,179
2017,2,Jungnang,113,1,175
2017,3,Jungnang,129,0,171
2017,4,Jungnang,120,0,169
2017,5,Jungnang,173,1,233
2017,6,Jungnang,145,0,184
2017,7,Jungnang,136,0,185
2017,8,Jungnang,132,0,174
2017,9,Jungnang,153,1,190
2017,10,Jungnang,144,0,207
2017,11,Jungnang,140,1,193
2017,12,Jungnang,127,1,168
2017,1,Seongbuk,127,1,184
2017,2,Seongbuk,100,1,116
2017,3,Seongbuk,109,0,151
2017,4,Seongbuk,134,1,186
2017,5,Seongbuk,131,3,175
2017,6,Seongbuk,136,0,180
2017,7,Seongbuk,131,1,178
2017,8,Seongbuk,124,2,157
2017,9,Seongbuk,148,3,182
2017,10,Seongbuk,113,2,142
2017,11,Seongbuk,173,2,240
2017,12,Seongbuk,131,1,177
2017,1,Gangbuk,90,0,126
2017,2,Gangbuk,77,1,109
2017,3,Gangbuk,111,2,138
2017,4,Gangbuk,88,1,108
2017,5,Gangbuk,90,1,128
2017,6,Gangbuk,97,0,129
2017,7,Gangbuk,103,0,125
2017,8,Gangbuk,104,0,145
2017,9,Gangbuk,107,0,143
2017,10,Gangbuk,139,3,167
2017,11,Gangbuk,109,0,136
2017,12,Gangbuk,87,1,113
2017,1,Dobong,72,0,107
2017,2,Dobong,70,2,95
2017,3,Dobong,62,1,84
2017,4,Dobong,83,1,104
2017,5,Dobong,81,1,92
2017,6,Dobong,66,1,87
2017,7,Dobong,94,2,129
2017,8,Dobong,81,0,101
2017,9,Dobong,88,0,119
2017,10,Dobong,73,1,98
2017,11,Dobong,108,0,128
2017,12,Dobong,66,0,95
2017,1,Nowon,132,0,189
2017,2,Nowon,100,1,122
2017,3,Nowon,121,0,164
2017,4,Nowon,121,1,176
2017,5,Nowon,134,0,178
2017,6,Nowon,107,0,135
2017,7,Nowon,118,2,160
2017,8,Nowon,143,2,190
2017,9,Nowon,158,1,219
2017,10,Nowon,132,1,192
2017,11,Nowon,116,2,165
2017,12,Nowon,117,1,165
2017,1,Eunpyeong,74,1,125
2017,2,Eunpyeong,64,1,92
2017,3,Eunpyeong,88,0,113
2017,4,Eunpyeong,89,0,141
2017,5,Eunpyeong,95,1,128
2017,6,Eunpyeong,74,0,108
2017,7,Eunpyeong,104,3,125
2017,8,Eunpyeong,89,0,115
2017,9,Eunpyeong,94,0,114
2017,10,Eunpyeong,94,2,157
2017,11,Eunpyeong,116,2,163
2017,12,Eunpyeong,86,2,108
2017,1,Seodaemun,90,1,130
2017,2,Seodaemun,72,0,91
2017,3,Seodaemun,86,2,112
2017,4,Seodaemun,93,0,122
2017,5,Seodaemun,102,0,143
2017,6,Seodaemun,91,1,124
2017,7,Seodaemun,85,1,133
2017,8,Seodaemun,92,0,124
2017,9,Seodaemun,96,0,120
2017,10,Seodaemun,80,3,143
2017,11,Seodaemun,72,0,95
2017,12,Seodaemun,73,0,93
2017,1,Mapo,170,1,260
2017,2,Mapo,155,0,247
2017,3,Mapo,141,3,198
2017,4,Mapo,138,1,208
2017,5,Mapo,165,1,257
2017,6,Mapo,163,1,241
2017,7,Mapo,176,0,274
2017,8,Mapo,168,0,235
2017,9,Mapo,141,0,226
2017,10,Mapo,152,1,219
2017,11,Mapo,136,0,205
2017,12,Mapo,154,0,223
2017,1,Yangcheon,119,2,167
2017,2,Yangcheon,83,2,106
2017,3,Yangcheon,111,0,151
2017,4,Yangcheon,109,0,122
2017,5,Yangcheon,117,4,154
2017,6,Yangcheon,104,0,145
2017,7,Yangcheon,124,2,168
2017,8,Yangcheon,109,1,146
2017,9,Yangcheon,116,0,153
2017,10,Yangcheon,110,2,145
2017,11,Yangcheon,122,0,167
2017,12,Yangcheon,119,0,165
2017,1,Gangseo,155,1,237
2017,2,Gangseo,112,1,154
2017,3,Gangseo,140,1,174
2017,4,Gangseo,146,0,201
2017,5,Gangseo,121,0,156
2017,6,Gangseo,147,3,183
2017,7,Gangseo,136,1,192
2017,8,Gangseo,129,2,189
2017,9,Gangseo,128,2,166
2017,10,Gangseo,137,0,195
2017,11,Gangseo,114,0,159
2017,12,Gangseo,119,1,149
2017,1,Guro,119,0,173
2017,2,Guro,91,0,134
2017,3,Guro,103,0,150
2017,4,Guro,111,0,144
2017,5,Guro,118,2,160
2017,6,Guro,111,1,145
2017,7,Guro,127,1,174
2017,8,Guro,111,1,151
2017,9,Guro,157,2,218
2017,10,Guro,134,1,172
2017,11,Guro,137,3,177
2017,12,Guro,114,1,162
2017,1,Geumcheon,62,2,103
2017,2,Geumcheon,63,0,102
2017,3,Geumcheon,60,1,75
2017,4,Geumcheon,68,0,103
2017,5,Geumcheon,65,0,93
2017,6,Geumcheon,72,1,95
2017,7,Geumcheon,64,0,90
2017,8,Geumcheon,71,1,111
2017,9,Geumcheon,83,1,125
2017,10,Geumcheon,73,0,117
2017,11,Geumcheon,73,0,119
2017,12,Geumcheon,70,0,95
2017,1,Yeongdeungpo,175,3,269
2017,2,Yeongdeungpo,186,0,283
2017,3,Yeongdeungpo,197,2,285
2017,4,Yeongdeungpo,185,4,248
2017,5,Yeongdeungpo,209,0,354
2017,6,Yeongdeungpo,195,3,264
2017,7,Yeongdeungpo,181,2,255
2017,8,Yeongdeungpo,217,1,309
2017,9,Yeongdeungpo,214,3,312
2017,10,Yeongdeungpo,197,1,284
2017,11,Yeongdeungpo,237,3,332
2017,12,Yeongdeungpo,193,0,324
2017,1,Dongjak,126,2,196
2017,2,Dongjak,121,2,177
2017,3,Dongjak,111,0,164
2017,4,Dongjak,114,1,163
2017,5,Dongjak,93,3,143
2017,6,Dongjak,114,2,194
2017,7,Dongjak,116,0,162
2017,8,Dongjak,123,1,182
2017,9,Dongjak,119,1,174
2017,10,Dongjak,108,3,145
2017,11,Dongjak,127,2,167
2017,12,Dongjak,137,3,176
2017,1,Gwanak,105,3,136
2017,2,Gwanak,92,1,123
2017,3,Gwanak,115,2,157
2017,4,Gwanak,101,0,131
2017,5,Gwanak,108,0,151
2017,6,Gwanak,103,0,141
2017,7,Gwanak,116,0,149
2017,8,Gwanak,121,0,163
2017,9,Gwanak,106,1,130
2017,10,Gwanak,93,0,133
2017,11,Gwanak,115,1,144
2017,12,Gwanak,76,3,101
2017,1,Seocho,193,2,301
2017,2,Seocho,158,2,232
2017,3,Seocho,166,1,256
2017,4,Seocho,215,3,319
2017,5,Seocho,208,0,294
2017,6,Seocho,185,2,251
2017,7,Seocho,213,6,336
2017,8,Seocho,214,0,313
2017,9,Seocho,187,2,283
2017,10,Seocho,212,1,346
2017,11,Seocho,190,0,285
2017,12,Seocho,220,2,332
2017,1,Gangnam,302,2,464
2017,2,Gangnam,256,1,366
2017,3,Gangnam,296,3,433
2017,4,Gangnam,275,1,388
2017,5,Gangnam,281,1,405
2017,6,Gangnam,299,2,423
2017,7,Gangnam,296,0,423
2017,8,Gangnam,287,1,401
2017,9,Gangnam,282,5,390
2017,10,Gangnam,270,2,387
2017,11,Gangnam,302,1,410
2017,12,Gangnam,323,0,469
2017,1,Songpa,208,3,307
2017,2,Songpa,155,2,222
2017,3,Songpa,226,1,312
2017,4,Songpa,243,1,340
2017,5,Songpa,222,2,290
2017,6,Songpa,238,2,315
2017,7,Songpa,225,2,315
2017,8,Songpa,268,0,392
2017,9,Songpa,295,4,404
2017,10,Songpa,230,0,304
2017,11,Songpa,246,3,325
2017,12,Songpa,202,3,279
2017,1,Gangdong,105,0,138
2017,2,Gangdong,117,1,190
2017,3,Gangdong,115,4,149
2017,4,Gangdong,98,3,136
2017,5,Gangdong,125,2,176
2017,6,Gangdong,134,2,195
2017,7,Gangdong,90,2,125
2017,8,Gangdong,117,2,151
2017,9,Gangdong,131,1,172
2017,10,Gangdong,143,0,178
2017,11,Gangdong,94,0,124
2017,12,Gangdong,102,2,139